created,count
2012-11-27,1
2012-12-07,3
2012-12-12,1
2012-12-14,1
2012-12-27,3
2012-12-28,7
2012-12-29,2
2012-12-30,16
2012-12-31,1
2013-01-01,4
2013-01-02,9
2013-01-03,6
2013-01-04,10
2013-01-05,4
2013-01-08,2
2013-01-11,2
2013-01-12,2
2013-01-20,18
2013-01-21,2
2013-01-23,2
2013-01-24,4
2013-02-08,19
2013-02-12,18
2013-02-17,1
2013-02-26,1
2013-03-09,1
2013-03-22,2
2013-04-07,4
2013-04-08,2
2013-04-25,1
2013-05-02,1
2013-05-13,1
2013-05-18,1
2013-06-09,1
2013-06-12,1
2013-06-20,1
2013-07-20,1
2013-07-23,1
2013-07-25,1
2013-07-28,2
2013-07-29,1
2013-07-31,1
2013-08-04,1
2013-08-05,1
2013-08-08,2
2013-08-10,1
2013-08-17,9
2013-08-26,1
2013-08-29,1
2013-08-31,3
2013-09-01,2
2013-09-10,1
2013-09-11,1
2013-09-16,5
2013-09-24,1
2013-09-30,7
2013-10-01,1
2013-10-10,7
2013-10-11,1
2013-10-12,1
2013-10-29,2
2013-10-30,1
2013-11-04,1
2013-11-05,1
2013-11-12,4
2013-11-14,1
2013-11-15,4
2013-11-16,3
2013-11-17,1
2013-11-18,1
2013-11-20,28
2013-11-21,4
2013-11-22,5
2013-11-23,2
2013-11-25,2
2013-12-05,3
2013-12-18,3
2013-12-21,4
2013-12-22,11
2013-12-23,5
2013-12-24,8
2013-12-25,9
2013-12-26,2
2013-12-27,3
2013-12-28,6
2013-12-30,9
2014-01-01,2
2014-01-02,4
2014-01-03,1
2014-01-04,2
2014-01-05,4
2014-01-06,8
2014-01-07,3
2014-01-08,2
2014-01-09,1
2014-01-10,6
2014-01-12,2
2014-01-13,2
2014-01-14,11
2014-01-15,7
2014-01-16,8
2014-01-17,10
2014-01-18,6
2014-01-19,1
2014-01-20,4
2014-01-21,8
2014-01-22,4
2014-01-23,2
2014-01-24,1
2014-02-04,1
2014-02-05,3
2014-02-06,3
2014-02-07,4
2014-02-08,2
2014-02-09,9
2014-02-10,4
2014-02-11,7
2014-02-12,5
2014-02-13,9
2014-02-14,1
2014-02-15,3
2014-02-16,14
2014-02-17,17
2014-02-18,10
2014-02-19,4
2014-02-20,5
2014-02-21,9
2014-02-22,4
2014-02-23,1
2014-02-24,8
2014-02-25,5
2014-02-26,6
2014-02-27,5
2014-02-28,8
2014-03-03,4
2014-03-04,9
2014-03-05,5
2014-03-06,10
2014-03-07,7
2014-03-08,6
2014-03-10,10
2014-03-11,1
2014-03-12,12
2014-03-13,12
2014-03-14,1
2014-03-17,2
2014-03-18,1
2014-03-19,5
2014-03-20,1
2014-03-21,6
2014-03-23,1
2014-03-24,6
2014-03-25,8
2014-03-26,2
2014-03-27,7
2014-03-28,9
2014-03-29,2
2014-04-01,10
2014-04-02,11
2014-04-03,6
2014-04-04,52
2014-04-05,6
2014-04-06,2
2014-04-08,31
2014-04-09,8
2014-04-10,20
2014-04-11,7
2014-04-12,7
2014-04-14,25
2014-04-15,9
2014-04-16,26
2014-04-17,12
2014-04-18,8
2014-04-19,1
2014-04-21,5
2014-04-22,4
2014-04-23,7
2014-04-24,6
2014-04-25,6
2014-04-26,7
2014-04-27,3
2014-04-28,3
2014-04-29,16
2014-04-30,3
2014-05-01,15
2014-05-03,3
2014-05-04,8
2014-05-05,9
2014-05-06,38
2014-05-07,31
2014-05-08,17
2014-05-09,12
2014-05-10,8
2014-05-11,4
2014-05-12,14
2014-05-13,24
2014-05-14,21
2014-05-15,11
2014-05-16,8
2014-05-18,14
2014-05-19,7
2014-05-20,3
2014-05-21,2
2014-05-22,9
2014-05-23,14
2014-05-27,7
2014-05-28,1
2014-05-29,1
2014-05-30,4
2014-05-31,3
2014-06-01,1
2014-06-02,14
2014-06-03,10
2014-06-04,3
2014-06-05,2
2014-06-06,6
2014-06-07,4
2014-06-08,3
2014-06-10,4
2014-06-12,17
2014-06-13,4
2014-06-14,4
2014-06-15,2
2014-06-16,1
2014-06-17,2
2014-06-18,2
2014-06-20,1
2014-06-21,5
2014-06-23,3
2014-06-25,5
2014-06-26,2
2014-06-27,7
2014-06-28,7
2014-06-29,5
2014-06-30,2
2014-07-01,2
2014-07-02,11
2014-07-03,13
2014-07-04,12
2014-07-05,1
2014-07-08,1
2014-07-09,2
2014-07-10,6
2014-07-11,1
2014-07-12,13
2014-07-15,1
2014-07-16,2
2014-07-21,1
2014-07-24,4
2014-07-26,4
2014-07-29,1
2014-07-31,1
2014-08-04,5
2014-08-05,2
2014-08-07,3
2014-08-08,5
2014-08-10,2
2014-08-11,2
2014-08-12,2
2014-08-14,1
2014-08-15,2
2014-08-17,1
2014-08-18,2
2014-08-19,1
2014-08-21,3
2014-08-24,1
2014-08-25,5
2014-08-27,8
2014-08-28,1
2014-08-29,1
2014-09-01,2
2014-09-02,5
2014-09-03,4
2014-09-05,3
2014-09-06,1
2014-09-08,3
2014-09-09,3
2014-09-10,7
2014-09-11,1
2014-09-12,2
2014-09-13,2
2014-09-14,1
2014-09-16,3
2014-09-18,1
2014-09-19,2
2014-09-21,7
2014-09-22,2
2014-09-23,3
2014-09-24,2
2014-09-26,7
2014-09-29,13
2014-09-30,2
2014-10-01,4
2014-10-03,6
2014-10-04,2
2014-10-05,4
2014-10-08,1
2014-10-09,1
2014-10-10,3
2014-10-11,6
2014-10-13,3
2014-10-14,6
2014-10-15,4
2014-10-16,1
2014-10-17,5
2014-10-18,7
2014-10-19,16
2014-10-20,3
2014-10-21,1
2014-10-22,1
2014-10-24,3
2014-10-25,1
2014-10-26,1
2014-10-27,1
2014-10-30,4
2014-11-02,1
2014-11-04,7
2014-11-06,1
2014-11-08,1
2014-11-09,6
2014-11-10,1
2014-11-11,1
2014-11-13,10
2014-11-16,3
2014-11-18,2
2014-11-19,1
2014-11-20,1
2014-11-21,2
2014-11-22,3
2014-11-24,6
2014-11-25,2
2014-11-26,3
2014-11-27,3
2014-11-28,5
2014-11-30,2
2014-12-01,4
2014-12-02,3
2014-12-03,1
2014-12-04,3
2014-12-05,1
2014-12-06,2
2014-12-08,2
2014-12-09,4
2014-12-10,2
2014-12-11,3
2014-12-12,3
2014-12-13,2
2014-12-15,12
2014-12-16,2
2014-12-18,2
2014-12-19,2
2014-12-21,1
2014-12-22,5
2014-12-24,2
2014-12-26,8
2015-01-02,1
2015-01-03,3
2015-01-04,2
2015-01-08,1
2015-01-09,5
2015-01-10,8
2015-01-11,5
2015-01-13,1
2015-01-20,1
2015-01-21,5
2015-01-26,1
2015-01-27,1
2015-01-28,3
2015-01-29,4
2015-02-11,1
2015-02-15,1
2015-02-19,2
2015-02-20,1
2015-02-21,4
2015-02-25,3
2015-02-26,5
2015-02-27,3
2015-02-28,3
2015-03-01,2
2015-03-04,2
2015-03-05,1
2015-03-12,1
2015-03-13,3
2015-03-15,1
2015-03-17,2
2015-03-19,2
2015-03-21,3
2015-03-22,1
2015-03-23,3
2015-03-24,1
2015-03-27,5
2015-03-30,6
2015-03-31,2
2015-04-01,3
2015-04-03,2
2015-04-04,4
2015-04-06,1
2015-04-08,6
2015-04-09,2
2015-04-10,2
2015-04-11,1
2015-04-20,1
2015-04-21,1
2015-04-22,1
2015-04-23,5
2015-04-24,6
2015-04-25,13
2015-04-26,4
2015-04-27,8
2015-04-29,1
2015-04-30,1
2015-05-01,4
2015-05-04,1
2015-05-05,6
2015-05-06,6
2015-05-10,3
2015-05-11,1
2015-05-12,8
2015-05-14,3
2015-05-16,11
2015-05-17,3
2015-05-18,15
2015-05-19,1
2015-05-20,3
2015-05-21,1
2015-05-22,1
2015-05-24,14
2015-05-25,11
2015-05-26,18
2015-05-27,3
2015-05-28,2
2015-05-29,1
2015-05-30,3
2015-06-02,3
2015-06-03,2
2015-06-04,8
2015-06-05,1
2015-06-11,6
2015-06-12,1
2015-06-15,2
2015-06-17,8
2015-06-18,3
2015-06-20,4
2015-06-21,3
2015-06-22,3
2015-06-27,2
2015-06-29,5
2015-06-30,5
2015-07-01,2
2015-07-02,2
2015-07-03,2
2015-07-06,2
2015-07-09,2
2015-07-10,2
2015-07-12,1
2015-07-14,6
2015-07-15,1
2015-07-16,2
2015-07-17,5
2015-07-21,3
2015-07-22,1
2015-07-29,1
2015-08-02,1
2015-08-03,1
2015-08-04,1
2015-08-05,1
2015-08-06,1
2015-08-08,1
2015-08-09,2
2015-08-10,1
2015-08-11,1
2015-08-12,2
2015-08-13,1
2015-08-14,2
2015-08-17,1
2015-08-19,2
2015-08-20,1
2015-08-21,2
2015-08-22,3
2015-08-23,3
2015-08-25,1
2015-08-26,5
2015-08-30,3
2015-09-01,1
2015-09-02,1
2015-09-09,1
2015-09-11,7
2015-09-14,3
2015-09-15,4
2015-09-16,7
2015-09-17,7
2015-09-18,10
2015-09-19,3
2015-09-20,6
2015-09-21,2
2015-09-22,1
2015-09-23,1
2015-09-24,1
2015-09-29,1
2015-09-30,3
2015-10-01,4
2015-10-05,3
2015-10-06,7
2015-10-07,4
2015-10-08,12
2015-10-10,7
2015-10-11,9
2015-10-12,5
2015-10-13,5
2015-10-14,19
2015-10-15,3
2015-10-16,6
2015-10-17,7
2015-10-18,5
2015-10-19,3
2015-10-20,1
